15-29 years (%),30-64 years (%),65 years and over (%),No qualification (%),Level 1 certificate (%),Level 2 certificate (%),Level 3 certificate (%),Level 4 certificate (%),Level 5 diploma (%),Level 6 diploma (%),Bachelor degree and level 7 qualification (%),Post-graduate and honours degrees (%),Masters degree (%),Doctorate degree (%),Overseas secondary school qualification (%),Total people - religious affiliation (%),  Adventist (%),  Anglican (%),  Baptist (%),  Catholicism (%),"  Evangelical, Born Again and Fundamentalist (%)",  Jehovah's Witnesses (%),  Latter-day Saints (%),  Methodist (%),  Pentecostal (%),"  Presbyterian, Congregational and Reformed (%)","  Maori Religions, Beliefs and Philosophies (%)",  Buddhism (%),  Hinduism (%),  Islam (%),  Judaism (%),  Spiritualism and New Age religions (%),  Sikhism (%),  Jedi (%),  Other religions (%),European (%),Maori (%),Pacific Peoples (%),Asian (%),Middle Eastern/Latin American/African (%),Other ethnicity (%),Regular smoker (%),Ex-smoker (%),Never smoked regularly (%),No dependent children (%),One dependent child (%),Two dependent children (%),Three dependent children (%),Four or more dependent children (%),National Party Poll,Labour Party Poll,Green Party Poll,New Zealand First Party Poll,ACT New Zealand Poll,Other Poll,Electorate,Election Year
-0.6763905026612318,0.7244382523023962,-0.033671732835050386,0.19651911984953202,0.6871731570649862,1.0416663029486273,-0.9709867541846108,0.9238972542764429,-0.41107522976481764,0.7583407053677071,-0.8666049404348345,-1.179034920849226,-0.9547985239829648,-0.08134106107710795,0.23355513937451602,0.04831817355117137,-0.5546707206132995,1.7888453454832258,2.887559652345997,0.5899462351306084,-1.2653876821422674,-0.21350265224977152,-0.03141348777934541,1.4302184384839078,1.0801269016871065,1.1254583331873138,0.029031300833449597,-0.758477796588994,-0.8004333224478261,-0.9640021218264512,-0.012277182772237343,-0.4928923176123847,-1.0531784879530088,-1.3898041773277288,-1.594484770980614,1.1099737993961445,-0.6308489796681124,-1.1948281269643068,-1.328943815133441,-1.524527001960684,0.9812360355616521,-0.6717377784376449,0.4297765085853382,-1.2769995309834286,0.34127648500033286,0.40965401438788185,1.211738577098318,1.7129032540205789,1.0039487077152018,1.2493445177563414,-1.0909300679336824,1.0401495429561314,1.4438647568779868,-0.7722395710829822,-0.49214766820102984,0,2017
1.3577105865444472,-3.0152064289085105,-1.249836172034303,1.2432532426813305,0.1904998154958058,-0.4132783776642441,2.366033956502078,-0.19043256457211308,-3.7910303688255302,-3.136973814281428,-2.0816318335340895,-1.8710074255879652,-1.9433426348489238,-1.8703039783351914,0.8446119256592287,-0.9924276198270306,2.6409154244881,-0.13774233652088588,0.9431178437450235,0.9645057368843405,-0.3398336182572689,0.3024859980870816,1.8025346444809607,1.7495320115070085,1.081054454621689,1.8859725535824199,2.1651240161730643,1.5030224576728166,0.2632052558667175,0.6531418241742233,-0.856939011832671,0.6799845651480517,-0.77299538591824,-1.3898041773277288,-1.4588716093828167,-1.5256209059576877,1.1811812006093692,2.0038719985310554,0.0987184687949189,0.06886607297879618,-1.359046538964633,2.177749720486774,-1.8752909052443527,-1.6312033137507027,-0.8085221053696663,-0.23594868916863687,-0.9633101207867523,-0.6193891391657181,2.131649615164273,1.2493445177563414,-1.0909300679336824,1.0401495429561314,1.4438647568779868,-0.7722395710829822,-0.49214766820102984,1,2017
-0.7008988088500971,-0.30992396041533926,0.5244458214468015,1.2184259152926222,1.3614367252357058,1.0394014451348632,-1.097064726260314,1.0344506838871963,0.1808507436769792,-0.8894269201771189,-1.3163817095613277,-1.559666736678036,-1.510061130883129,-1.9017019510364683,0.3743233191693821,0.49194729990014996,0.26815012339501987,1.448802853940151,1.7562346253038879,2.5575781539082247,-1.4480241488652683,-1.205976036379728,-0.014860851412169678,2.068208469832672,2.0087238493709227,1.9715913962169171,0.4963419085342783,-0.2996935382312599,-0.9885869317792664,-0.7695405472385879,0.9059105202963701,0.36415915537851806,-0.5496689889912394,-1.3898041773277288,-1.6183922941039501,0.31411682803782753,0.21482499069852137,0.01110491583115956,-0.7695983574588389,-0.2646240576753459,1.1467851866492405,0.5676000623063397,-0.25811289023568473,-1.1390822760886088,0.7963975616934258,0.9273529982502758,0.8966187599035116,1.1321337192328695,0.4381832102239477,1.2493445177563414,-1.0909300679336824,1.0401495429561314,1.4438647568779868,-0.7722395710829822,-0.49214766820102984,2,2017
-0.44092096069411385,0.6658010571645429,-0.669420459677615,1.147758575286168,0.9951764628089997,0.6693980443273901,-1.5201241447300187,1.0222719218113325,-0.3380444418167984,-1.2715048320084477,-1.3781097050648508,-1.4836050572811486,-1.140414506710033,-1.0623394747317572,-0.08762691711923593,0.6047528614000584,0.6925497855402847,0.44173920754381024,2.095946916376279,0.7813175283824533,-1.0190751734402468,1.5987324468693864,0.06561735286920714,1.248817092839277,0.03509897101477371,0.8791239010056529,0.1851554197211026,0.759766205255446,-0.19311605994168857,0.208394517951143,-0.27293121419445276,1.4238392707104912,-0.7243961304033077,-1.3898041773277288,-1.2110183276373392,-0.005545733607567259,0.0826832034314359,1.2204357936934098,-0.7006029573612793,-0.8277537198018177,0.7906346319926612,1.4724835042195459,-0.07840589808279332,-1.707427171587478,0.09428132027844432,1.152791420687647,0.39086598935789835,0.11484395446464611,1.5988762212474297,1.2493445177563414,-1.0909300679336824,1.0401495429561314,1.4438647568779868,-0.7722395710829822,-0.49214766820102984,3,2017
-0.34955459315897636,-0.07321213127453091,-0.20495155000813706,0.7786614636368094,0.6935668048442224,0.5128489437751979,-0.39868802412977256,0.0755358661024969,-0.29498372238410253,-1.343966720266501,-0.8286606985393404,-1.5840166482629843,-1.2965282925742783,-1.5056085602727018,1.279507471482873,0.3301697899833582,0.5067871360602769,0.7261307553196099,1.2731403194037252,2.201269434797447,-0.7235050061177061,-0.22546455144843414,0.733795938358982,1.8435196997292151,1.2066092183610282,2.1360624843306173,0.4581239246099826,1.8073744866253432,-0.4270199846614492,-0.49406218150533054,0.4381271883702481,-0.7302308632243236,-0.7851836297572312,-1.3898041773277288,-1.0231449085070559,-0.6496644534747491,-0.06052335512597684,0.3488381930093432,0.2868360914691545,-0.5010422263480281,0.35315563504173936,0.44657965900383045,-0.837624208579858,-0.9899633362299858,0.7830686889272155,0.9463577321649292,0.7269166687630387,-0.035080273632976125,1.5493767529670817,1.2493445177563414,-1.0909300679336824,1.0401495429561314,1.4438647568779868,-0.7722395710829822,-0.49214766820102984,4,2017
-0.8418085174517794,0.17014351986969356,0.14749378402704336,2.1378200193372514,1.5423687607905356,1.0367063315087517,-1.8832494719257376,1.0653804194602992,-1.2633316719640755,-1.4993395993889558,-1.740577850414723,-1.6660298362457584,-1.477015920593212,-1.9229548693467409,-0.877047687836274,0.6483806237352469,-0.40546674375362707,0.9021152205820646,-0.10951278815713385,0.05295404525993783,-1.285478525345716,0.9223215626137805,-0.7866230261762444,2.0012003939618057,0.05906964732748892,1.035978487358298,2.8500850201187564,-0.11761634711051104,-0.05856535499081964,1.0258044389842558,0.10850978899610936,0.3496954033450547,-0.5303343887291377,-1.3898041773277288,-1.4990630525306095,0.053730899097616934,1.015374057161008,0.6017273547701792,-0.8415486499952802,-0.8347248205106039,1.6695698637113765,1.8029194183316184,0.06364014900874596,-1.8975147045411125,-1.1522384032608517,0.02279526313350702,0.4956366419528415,1.4308450885072816,1.8289686308702606,1.2493445177563414,-1.0909300679336824,1.0401495429561314,1.4438647568779868,-0.7722395710829822,-0.49214766820102984,5,2017
-0.6213647811545606,0.3524581197164203,0.3990395815660952,0.45075676813828186,0.4200210773926592,0.5616113243418586,-0.856405731455183,0.5747981841492406,0.21201579831222975,0.33190691940506023,-0.2770773138940181,-1.303748427967288,-0.8790188231141732,-0.680527632437099,0.9062418290105743,0.3332897277624613,-0.4240875749735022,1.2315844461134036,1.7435330468324668,1.5254206495223392,-0.7471831655930361,0.8562961563424006,1.2348896258778428,1.6697074741371094,0.45586241016057855,1.8424994179740195,-0.3212681381711409,0.48663580183205346,-0.16847193130288107,-0.31901892101620516,0.34423994153926163,0.5034416855260435,-0.5602027366020472,-1.3898041773277288,-1.571063118989412,0.12214785923446068,-0.6304873123492746,0.1828217120789408,-0.42457062287664543,-0.7475791202149498,0.1311718304557086,0.455604270888317,0.11833220673754392,-1.062779325511092,-0.13413345373519317,0.733749600056618,0.6684310211483291,0.6463140887976648,1.0603903611706995,1.2493445177563414,-1.0909300679336824,1.0401495429561314,1.4438647568779868,-0.7722395710829822,-0.49214766820102984,6,2017
0.9687918799668336,-0.42844631552220985,-1.5486276075491139,-0.2039749527129321,-0.51026135539122,-0.5002681688086154,0.4335529297254342,-0.29038261859997333,1.3574985807856006,-1.3664572173455223,0.3267337335175209,-1.005521374038426,-0.48698753108288284,-0.4838826749045074,1.1196859510764947,0.2901215158815279,0.37521654169923846,0.1854956341903772,0.9561163314375783,1.416414060760764,-0.7272226622552167,-0.5900812540691517,-0.7296232286326428,0.7900697775420293,0.2540013741386623,1.0072577642338627,-0.11878026774061666,1.4622959128030562,0.5414344503173144,1.5226208918124189,0.29773753114559803,0.9994143996209632,-0.04098576961679861,-1.3898041773277288,-1.2969559875513614,-0.8341614763662668,-0.8440919040966681,0.032524960822976526,0.41458981356280517,0.9595554156583599,-0.3353750505929255,0.36211187430637837,-1.2966820361573717,-0.6632201609180689,-0.27761574576688514,0.3575718978358968,-0.2868493699276436,0.12808487144978764,0.6147721614051505,1.2493445177563414,-1.0909300679336824,1.0401495429561314,1.4438647568779868,-0.7722395710829822,-0.49214766820102984,7,2017
-0.6834154768708461,0.0072847014352693555,-0.687145154060031,1.9323996722818404,2.361611048702198,1.9391649958494355,-1.752546777553184,2.264019876100541,-1.298737565845368,-1.5933629128591593,-2.394501341005472,-1.7921783086700078,-2.119369965564522,-2.6376817086380955,-1.1342729695508933,0.4902724744563119,0.9273511649375119,0.8802480278717559,1.2376536021475733,0.7389330239553836,-1.0444403944627074,1.5291971458137346,0.8235968517962923,1.5178066144191067,1.993658630594911,0.54787337067708,1.9563262726013675,-0.16202282988057337,-0.8863471866006896,-1.3529071644434818,-0.40115096028012737,3.8221728507386814,-1.1040719603613178,-1.3898041773277288,-1.0541924816031754,0.529611106472121,2.6993043897328435,1.392011682401533,-1.483729707010008,-1.4993152769991795,0.16667903984070057,3.3625888255728515,0.6299094332049011,-2.5513874074224008,-0.19695093702353056,0.6994454116373497,0.5199135336263513,1.173194863931696,1.8049857800790805,1.2493445177563414,-1.0909300679336824,1.0401495429561314,1.4438647568779868,-0.7722395710829822,-0.49214766820102984,8,2017
-0.8383454205483213,-0.15332202923669971,2.312592467731243,1.2135715565596368,1.0824082380901718,0.8102742588916272,-2.068714270526892,0.9380093423921283,-1.54312750098075,0.6991749307208904,-0.5813627645165537,-1.0265779478092383,-0.4125881299016551,0.5838272597698028,-0.04094763522490652,0.10246517651949752,-1.2416945439758522,2.2275305323037564,1.8196118418423108,-0.11258154141462484,-1.624140527370221,1.4395347106520844,-1.3866039401629415,0.5875728712346057,-0.6328752974089014,1.5583490517913001,0.3684078027645626,-0.18631001361417934,-0.14106180680780434,-0.5679241099129989,1.411586759836966,2.5609874460877378,-0.29374924970675925,-1.3898041773277288,-1.1335135996912244,0.9762062419532265,-0.7914782810808761,-1.045570574748356,-1.2356645002735636,-1.4218935449753585,1.371436668948578,-0.015826742637044578,1.667524271132512,-1.3114012083236268,-0.796026127732156,-1.3464249849758263,-0.8837216241549687,-0.4625886198187288,0.4576402276339821,1.2493445177563414,-1.0909300679336824,1.0401495429561314,1.4438647568779868,-0.7722395710829822,-0.49214766820102984,9,2017
1.8640672904475046,0.4358902582009738,-1.0674762633088375,-1.651001397667363,-1.2739081793189697,-1.5803357458941625,-0.6063092586671386,-1.602286495805847,0.995103297060089,-0.4928296727147529,0.52813049774347,-1.0076341769858497,0.24014372119337565,0.7010771883645296,1.1714879503888844,-4.119229282668398,-0.3008820239714173,0.41354237614418715,-0.27006670367884705,0.18429584953342976,-1.9176115203742385,-0.8223576031299002,-1.6609478428564466,-0.4168990340659448,-1.974908606265829,0.44374586078446226,-0.7087868642971925,1.1351320523205617,0.42695202382295205,0.7651504305243644,0.5762319917831228,0.09797270028033828,0.6012887360878658,-1.3898041773277288,-1.2686214459426057,-1.446437578950888,-1.8236750807213649,-1.050947796086396,0.09017022336999361,0.5776757539551295,-1.2807646873160634,-0.23690878976082136,-1.5383228593502225,-1.3669520327711602,-1.5842828065469878,-2.2548760037178286,-2.7037138212796594,-2.278002109864357,-1.4796354908901361,1.2493445177563414,-1.0909300679336824,1.0401495429561314,1.4438647568779868,-0.7722395710829822,-0.49214766820102984,10,2017
-0.7371327374568236,1.6707257703096368,-0.20869589536254426,-0.2889959821108175,1.0927445753250316,1.1004759523177354,-0.8406420633243435,1.2330259739329965,-0.4768487008005652,-0.20188553963791678,-0.14716544193356323,-1.052771494474188,-0.7668010456278334,0.01518691590722918,-0.5890913489318444,0.5130935941178394,0.8682826114525037,2.3336623670382832,0.9470393614402238,0.44513438460973503,-1.3278984130935412,0.3608889017619541,-0.8208312200343396,1.336448064351494,-0.8182255785153247,1.1063860156599392,-0.8739897413035899,-0.762557978549121,-1.4245407685555271,-0.7439755522868275,4.238636304159874,-0.5798936463278056,-1.1374846696235739,-1.3898041773277288,-1.4385512406137988,1.4510689818743783,-1.0237849850553584,-0.6877784146693924,-1.785230075305064,-1.648627494844479,1.0595282870982676,-0.5264384524181,0.7000725284110797,-1.333462668735887,-0.5740580879471379,0.26812969049920893,0.8436852372229682,1.389125455629355,0.12576993061482777,1.2493445177563414,-1.0909300679336824,1.0401495429561314,1.4438647568779868,-0.7722395710829822,-0.49214766820102984,11,2017
0.565194072183214,1.4001518762809309,-0.3853896508066654,-0.34183994926552513,-0.19586645233516892,0.08677875023458168,-1.0790799843895602,-0.49264286902426596,1.7720824335729994,-0.930860395262494,0.6595365045436957,-0.7339192326775944,-0.3551273000065475,-0.7421438154264876,0.04220115255934461,-1.4392788243167134,-0.8349709437524448,0.8056030599306587,1.355760213535051,0.10835988253347821,-1.1775766079944863,-0.9502981502733132,-0.7217441685629795,0.2963100544600721,-1.5142099856455695,0.680114043780625,-0.3197053564077036,0.7819724635625118,-0.3261085555885901,-0.917876191664077,2.0892041944423676,0.3671902063983897,-0.12267182088119158,-1.3898041773277288,-1.2215079661784227,0.15377384984934495,-0.7396672076652463,-0.48704079361025604,-0.9393631586159829,-0.7421137258269771,-0.06347096782206609,0.7779800935865162,0.3770213073283583,-1.4202839015275208,-1.7087159699930887,-1.1079112432425144,-1.5203391384904459,-1.5632537397685846,-1.3217024521684186,1.2493445177563414,-1.0909300679336824,1.0401495429561314,1.4438647568779868,-0.7722395710829822,-0.49214766820102984,12,2017
-0.3810565384018961,0.26677589727476064,-0.4800910368136614,1.2538254717163722,1.0415750806633093,0.9868617253419442,-0.745678426257247,1.2541793176902798,-1.5381436426095096,-0.7836496313415305,-1.6919634623005926,-1.488552412857562,-1.6999784293791194,-1.0714919560375613,-0.11258162789803601,0.08303760174911377,1.066922727000388,1.0076717726457427,1.7490338384672253,-0.13038753046906143,-0.7084106275601064,2.5632146737183996,1.497788343837143,2.2818613636449983,1.3018531170861778,1.5167180382732202,0.13673266091000136,1.1351634185867714,-0.40137718890381824,-0.28962841247934973,0.02325355003336718,1.9037123569282464,-0.7711588780474009,-1.3898041773277288,-1.2338587911047625,-0.13602309250463857,0.4748586805425865,2.302815156745346,-1.0017526838907023,-0.701974414413326,0.9272020895248824,1.9691001777644632,-0.09826347316892729,-1.8287928655285046,-0.750195451786441,0.33358117778385854,-0.37060910301350314,1.0011265838421655,1.2729768822611365,1.2493445177563414,-1.0909300679336824,1.0401495429561314,1.4438647568779868,-0.7722395710829822,-0.49214766820102984,13,2017
-0.5435203427657935,1.3667203052332677,-0.04660937552579197,-0.04038816510905738,0.7939887899504176,1.546061343714173,-0.6657222252441667,0.9872460569604933,0.5498525732524554,0.0017371728601841049,-0.07821881570227668,-1.0986777202241242,-0.8637687804399776,-0.12219568532717769,0.12886054111204195,0.4901070458445602,-0.8523239715872177,2.04028536747643,0.3303629854380061,1.6386022446686148,-1.2301300247275542,-0.5511732883380098,-1.383776063031687,0.9747888542635067,0.09694720229613925,1.2654353620880712,-0.4692052875445321,0.2408698779840421,-1.1472737405654212,-1.0827435247497055,0.6731190952319243,-0.2131771981862254,-1.469444030356622,-1.3898041773277288,-1.156840113610509,1.0382931064803371,-0.6164175945683409,-1.137340018245083,-1.079472745733522,-1.0793369828043944,0.7883346977524213,-0.36637537675656606,0.15802870459999707,-0.8584458452756311,0.1991188824316156,0.8636816418954697,0.7992705233664009,0.5672211891543621,0.3158351440138449,1.2493445177563414,-1.0909300679336824,1.0401495429561314,1.4438647568779868,-0.7722395710829822,-0.49214766820102984,14,2017
-0.5978322420422075,0.850883399511142,-0.2977053481224014,-0.2591807447405859,0.49066620863600635,0.8004014563261236,-0.5851337024640209,0.7530462525269145,-0.6017229316079444,-0.5254216360575182,-0.5562864395028781,-1.3084057035324053,-0.9697324715688496,-0.1311737868878132,1.389372096646857,0.2236599772698192,-0.4019760493830369,1.6143970312074996,2.1068214466480253,0.41354369464238944,-1.6453181355084037,0.2938077219105145,-0.020837258921950715,1.469320495024739,1.136018361026308,1.9146667487167681,-0.5829427310825234,0.8762981938555126,-0.7160638134558324,-0.6666124305503762,1.299046599574351,-0.592831294509545,-1.2165818543805587,-1.3898041773277288,-1.348029637916934,0.2956547902705298,-1.1970515234731915,-0.9965152610637573,-0.39086940086888816,-1.1286918172161082,0.9216908476037355,-1.2400181719856214,-0.2858346418432181,-0.8576668310612349,1.2567404431830782,1.0787127604476159,1.3036369381961466,1.1794873572367002,0.1896627440715915,1.2493445177563414,-1.0909300679336824,1.0401495429561314,1.4438647568779868,-0.7722395710829822,-0.49214766820102984,15,2017
3.191877876266158,-3.487897845037217,-1.7454487755025254,-1.1946148635334286,-1.7040537774702236,-1.7203779579808338,2.9919979581966394,-2.016341149988439,0.14230865437113854,-2.2362615996972663,0.338193427904814,-1.2007764146936164,-0.0925281952332301,-0.5131773316223003,3.0657103699009416,-1.9768384316422214,-0.49064460803583193,-0.5353316615141247,-0.08794715818393162,-0.6184454913177306,-1.2680043669574819,-1.170330746204943,-1.0240512628148055,0.15322810044789767,-0.6682147628339662,0.6982547422484258,-1.0865577567789573,3.1045475136712004,1.3682044826131903,1.9667679095715338,0.0028087993735192523,-0.3315926001743193,1.0685589796371024,-1.3898041773277288,-1.1438252600933487,-2.162404145145373,-1.8140997606373384,-0.9024670484734609,1.6652010025011357,0.595562774721737,-2.675473575647192,0.16658429275355432,-2.1607125888795773,-0.5529684856921929,-1.7799701519345035,-1.8447431658900393,-1.8167681361754056,-2.0078735982984135,-1.5627232638186777,1.2493445177563414,-1.0909300679336824,1.0401495429561314,1.4438647568779868,-0.7722395710829822,-0.49214766820102984,16,2017
-0.9644490529205451,0.23926098223847728,1.7528375938955159,0.7947255619234544,1.408332839241621,1.0529437224994802,-1.8896415914861648,1.4195929604598625,0.15614736658655015,0.8229084474673366,-1.055452904044011,-1.2245284386508044,-0.7397008932514632,0.271241544009738,-0.5964175692370012,-0.19072948518341185,-1.0667040320746741,2.4640147876685035,1.3686108293335595,-0.8492917240795712,-1.2098029487929796,1.074414785144626,-1.2642259618758698,0.7162179546994366,-0.3090303442327833,1.3163629225331317,-0.028042628438353787,-0.6771595610286241,-0.49717455342444156,-0.7450984557137308,-0.08969883912059409,1.3173399591170398,-1.047946635025949,-1.3898041773277288,-1.259567339345485,1.1813171285020818,-0.8500390442567392,-1.5243022426661885,-1.3787780183973215,-1.619076876134008,1.548477198435299,-0.40162846303142313,1.0998331747341246,-1.352849434831467,-0.9777236487591773,-0.5791194832007426,-0.3692859732634519,0.6964322635517828,0.6009178471864164,1.2493445177563414,-1.0909300679336824,1.0401495429561314,1.4438647568779868,-0.7722395710829822,-0.49214766820102984,17,2017
-0.24017974124993224,0.8159034357383651,-0.19570762902718017,-0.2828698569649831,0.20874488585392587,0.5099335896992433,-0.27780801269636585,0.4231159411238824,0.9494227459944912,-0.36534019366067816,0.1976415825648611,-1.108037702081139,-0.6397298657708191,0.4321033915461754,0.9141704547911615,0.017600574908871975,-0.8954540363011162,1.3109125951296197,0.8584898562919373,1.8767462713373038,-0.8998838173991902,-0.3645616721468786,-0.7568693931982893,0.7752772942754192,-0.37214120692362485,1.0742550895308471,-0.7317358479871815,1.1359452949427749,-0.7621119090781129,-0.8826787092605269,1.0196840647743608,-0.24404546496056703,-0.8468650234870782,-1.3898041773277288,-1.0226131493494122,0.20025240107380027,-1.0099141908081901,-1.5849921099056734,-0.07317435715858915,-0.7814051192744603,0.07676755468352008,-0.9411847278352798,-0.10946500976881314,-0.6727647719736387,0.5706689198870432,0.8726061294252779,0.712900233431958,0.15515975493606107,-0.44426793227378775,1.2493445177563414,-1.0909300679336824,1.0401495429561314,1.4438647568779868,-0.7722395710829822,-0.49214766820102984,18,2017
1.4902710172674802,-0.04502441282533028,-1.4537629084707053,-1.7347988089227406,-1.1259442893270302,-0.7332288861411659,-0.13860408802227123,-1.0145570862676492,3.348925869428936,-0.2142219685293779,1.5500563428544467,-0.3121301679928977,0.830499456080922,1.235865072276548,0.44460665574372277,-0.9046115101918745,-1.0777818998811444,1.2134893383773782,-0.142816202008427,0.26771508721696596,-1.720276158258568,-2.0441270654689396,-1.460270618231021,-0.06172430352055285,-2.442641485280847,0.3187884598252749,-1.0866781480138017,1.1443213089951252,0.6700027184514193,-0.5375034923198196,1.7236076683160335,0.5711986327914378,1.1970998753720248,-1.3898041773277288,-1.3466248216883792,0.06982534419825645,-1.5624217638510252,-1.3175332998097922,-0.42349190287368776,-0.5522123030900812,-0.3450593118399619,0.4282760911868746,-0.33195527561326094,-0.9142161104861977,-1.9722920124420296,-1.2412420292236845,-0.9002288439308955,-0.1260140195638615,-0.7466673800437674,1.2493445177563414,-1.0909300679336824,1.0401495429561314,1.4438647568779868,-0.7722395710829822,-0.49214766820102984,19,2017
-0.787693117653792,0.09986522190231568,0.4063045963074482,-0.11865527567389965,1.0477068560974565,1.3584161855295318,-0.9407384782818898,1.0074988806944236,0.09698229520596593,-0.03189237472235049,-0.7408754564807635,-1.3428929480927196,-0.9265206941806478,-0.9753902563603072,0.30438192539917175,0.4716248608569746,-0.32349735567532223,1.615918783693717,0.9276346494530129,1.1630291849126813,-1.465760998706608,0.10481351902736005,-0.19088811646791057,1.8927193817654617,0.3636336030020788,1.8069950069606948,-0.09056432507615331,-0.3938408585316281,-1.30022015486801,-1.1487665511252225,1.1389301091507205,0.11698625635468103,-1.2203236568352538,-1.3898041773277288,-1.6971798146384325,0.9276380251514156,-0.5518937139274224,-0.8039935045934581,-1.0852820568078847,-1.0934956452340585,1.9881161593455938,-0.6173351804526463,0.294851832247226,-1.2078369704856753,0.6269611721543636,0.7095348806100441,1.559399924479027,0.634011659347731,1.0401556568491814,1.2493445177563414,-1.0909300679336824,1.0401495429561314,1.4438647568779868,-0.7722395710829822,-0.49214766820102984,20,2017
-0.37842273149807226,0.0020471625084549972,-0.47096487316378893,1.217544493329533,0.9263898322697994,0.8082345495268246,-0.7485020857777762,0.5899656233389627,-0.17307368533370646,-1.9047026015207487,-1.240329435303541,-1.6074737434532833,-1.5802725207467638,-1.6738177494011757,1.2694679539437603,0.5480916050725222,2.071692955079511,0.6346026539002809,2.104365360992703,1.456433699998759,-0.46383695937005776,0.41682555676966765,1.038294636571604,2.138799578491549,2.3546554072622854,1.9903864860394214,0.07870604086688783,1.3826541114925193,-0.5828442004631631,-0.3400648881446772,-0.6212883875606325,-0.03064482583756802,-0.9291769374572855,-1.3898041773277288,-0.9796196554663574,-0.29505031917835817,0.16125578220996067,0.5385852738583037,-0.11345699777240124,0.33773849037283615,0.17368101271018818,0.9125900565472699,-0.5779778130019415,-1.163603202817642,1.414718166596902,1.2691140989951615,0.8978095958209789,0.4122113773011297,1.805715775972755,1.2493445177563414,-1.0909300679336824,1.0401495429561314,1.4438647568779868,-0.7722395710829822,-0.49214766820102984,21,2017
-0.5294651563224578,0.49556743899144573,0.10823870884212773,-0.6881518765142143,0.07499069377680516,0.24294424805346956,0.2565143387487705,0.026572239872800912,-0.35337974661553,1.6542275841035117,0.2803234423857699,0.9118167101325231,0.4509110021124223,0.4749348335629205,-0.5909382873229294,0.30477554375442795,-0.9110950841624342,-0.28056053134963127,0.20849969953541533,-0.6896327298202699,0.10384813688398915,0.1581342537189875,0.1718779528593971,-0.6711771863749552,0.3170123785691391,-0.7719845760409539,-0.28349965919423575,-0.9975857244712438,-0.5732638015296667,-0.6736622699491097,-0.22560086080280678,0.33962930125499846,-0.5614367276285978,1.0503663484175783,0.14329032526973545,0.8780248397693226,-0.049119602101991226,-0.9878840838281527,-0.3990011916659216,-0.6139050042557984,-0.05060441524133973,-1.3072414125234166,0.4288935275285263,0.4525503217551373,0.8601791556201234,0.9296650010871571,1.0983295510510045,0.6189805440756094,0.28077687175412597,0.01464790836646413,1.3197759988135376,-1.3420668015974064,-0.6245313717558301,-0.6585989653048846,-0.9078748910292284,0,2020
1.0657551816599895,-2.3683788494230664,-1.1329177894340767,0.3583017729865447,-0.6010810780027843,-1.0575896385787504,2.1540506048097905,-0.5383512442807817,-0.6260455707479307,-1.500789192816703,-0.8514637796566502,-0.48735392537207484,-0.9126608135589028,-0.7476413629917513,0.4512009646215894,-1.131478887284847,1.1705767553085042,-1.4058028488767635,-0.36082499304930055,0.24222668665234132,2.519252959084804,0.8754634368871572,1.169239657861761,-0.14409003420501532,1.3693647843998082,-0.09957686427618845,1.3629666583684235,-0.1394321057947406,0.464395872911864,1.1663820716850788,-1.6944420305154984,-1.8332078431931986,0.29199894528355597,0.5668313843652649,-0.025485394564723412,-1.674345339644259,1.4863514852858655,2.1949060396710984,1.0366665339425094,1.0116258684675514,-0.6685384711711571,0.9009417066379849,-1.4419118880243509,0.15343302628755254,0.03900603138390345,-0.40166229157145394,-0.9382147400310289,-0.7421130114819204,0.760548674852602,0.01464790836646413,1.3197759988135376,-1.3420668015974064,-0.6245313717558301,-0.6585989653048846,-0.9078748910292284,1,2020
-0.560166986906357,-0.3843875651249285,0.9771408119605917,0.8631595746771322,0.006116653180589178,0.2888992051024126,0.6347026551929323,0.014105064735141235,1.2169782034894434,0.2551435507797236,-0.5003383998580904,0.20494770598209588,-0.31622433707525865,-1.1138307253425264,0.08769670513571272,0.4860353174490953,1.0256575834024164,-0.40665375309590707,-0.14449510055592324,1.0855776810224524,0.7428404404921802,-0.8408145574625094,1.8758175148221803,-0.27792524105184085,0.6141709672883687,-0.33255897279670754,0.25323126801752727,-1.1198411435735285,-0.6383462427801045,-0.3940868441372969,-0.504911214450705,-0.3360095444407801,0.09456403001168841,0.6849385747629771,-0.03404839677364241,0.016598239746118074,1.0278841619318622,0.3428242552356664,0.11787700603679095,0.810709508481992,-0.1372414878900145,-0.10210789265635585,-0.008993659971727654,0.6198515507452249,1.5919118012004883,0.4441323120626599,0.297703401463421,0.5948475907878773,-0.09013301914198929,0.01464790836646413,1.3197759988135376,-1.3420668015974064,-0.6245313717558301,-0.6585989653048846,-0.9078748910292284,2,2020
-0.33336239302536846,0.8547454647247974,-0.6578191843222184,0.4223054527206299,0.194385480417558,0.18937230121934356,0.2845272597607208,0.760741082349062,0.24293793119801835,-0.3655524639919864,-0.22237109698793334,0.3042054790224821,-0.20729640308448277,-0.3522430446037192,-0.7125563335474109,0.8331972100069045,1.1576661472988201,-1.0070882161981123,-0.1390553230211482,-0.7638300033896643,0.6697656530628581,1.7706278072602968,0.1289790005174811,-0.43820074631659045,-0.07736181645504032,-0.8926459906588594,0.11575643061875136,-0.1913614311542702,0.6523877579573298,0.5557303162578522,-0.6668113443141169,-0.19627895739799636,0.5532515636557936,1.344179827694631,0.6511736835554223,0.13719272035097566,0.7689236756726158,1.3760422306190252,0.04175954647640139,0.1719257907964356,0.48848928191760377,0.6610196637819002,0.05453891723121141,0.30730242841591243,0.25096880689695567,0.6867912480296374,0.783207852151343,0.5684062465104304,0.41076158600580137,0.01464790836646413,1.3197759988135376,-1.3420668015974064,-0.6245313717558301,-0.6585989653048846,-0.9078748910292284,3,2020
-0.4012573163404373,-0.11139099254679903,0.21646314364744523,0.07037632349369102,-0.02891269765194106,-0.6256720235534132,0.47802308887891415,-0.2242387579972092,-0.02717672037633844,-0.07065229256300322,0.2545729291188409,0.23516869341056365,-0.1851350459461478,-0.4022575057383827,0.3271590174065143,0.46866812956246884,1.4031057456082539,-0.7245933860212014,-0.18692823072496204,0.9985397181356725,1.64166153395023,-0.09131739895568165,1.084099455683061,-0.18786974348160645,0.8696731213394205,-0.32928724126334435,0.3790899982527713,-0.34259364998497077,0.04496395775723541,0.09505474348531108,-0.06639743318486777,-0.5808577331771052,0.3240193783605572,0.28537515641289796,0.6156460446766324,-0.7862277074250205,0.5121672357319812,0.586321626904195,1.0058875255934545,0.6717480944103006,0.7391202630829543,-0.21507980539918164,-0.5198727774679758,0.6760484604747948,0.8763633134870044,0.9269552764636267,0.652394847483316,-0.3219191480713973,0.199678621445575,0.01464790836646413,1.3197759988135376,-1.3420668015974064,-0.6245313717558301,-0.6585989653048846,-0.9078748910292284,22,2020
-0.3565406899557813,0.13261431684075223,0.4707010881544459,-0.1639519141714821,-0.2413347508780201,-0.540237190001964,0.17463523787191615,-0.7174243518958525,-0.8246321459597514,0.6094065096307473,0.4164081979250162,0.7318867716784362,0.5261600218058166,0.1458915904113405,0.7141548197213782,0.6230372031320058,-0.043423535173509095,-0.5278922685755378,-0.21601563121926118,-0.15937802990683694,1.2134798136472942,0.30190614476324784,1.660241903945998,-0.3260006088225924,0.5168839247192085,-0.348023815753091,-0.6358957540359861,0.31037629929398136,0.2637585129116586,0.0806975447303622,-0.5572088262410233,0.06574677971601267,0.227771464043499,0.5798169297128333,0.16234749640141216,-0.3624444182100053,-0.26996370305645156,0.5931703282823643,0.8425650550240635,-0.3639228900586554,-0.32864194131671903,-0.2297870779847145,0.043883715261396415,0.7544940129802066,0.803294509451132,1.294957798655479,0.22377828675002917,0.10958431281826017,-0.5352866749485304,0.01464790836646413,1.3197759988135376,-1.3420668015974064,-0.6245313717558301,-0.6585989653048846,-0.9078748910292284,6,2020
0.652063356022397,0.265942093471195,-1.3349438156447229,-0.8681981119849671,-1.2023673096738783,-1.1242960466652752,0.2752369974027641,-1.1656149086238807,1.1219667434621532,0.032804643180704196,1.4043213074591014,1.0217427217677262,1.0604723200910933,0.5061083105986631,0.19272423458864735,0.44355589970531817,-0.8800873405948212,-1.1550988847733785,-0.5913348995972174,0.5463907373417695,0.156315668487817,-0.8878713023124442,0.40143601599037,-0.8620917466854167,-0.3980090383351347,-1.1120015768381202,-0.28350358252835495,0.5238812095704307,1.3327003642045256,1.7858182351861538,-0.026282953488921377,-0.6476865209064065,1.4864606961729105,0.5243256518595854,1.1347145188875531,-1.0163906854630578,-0.29661281400265105,0.15561990951050592,1.46785875932607,1.8249286332937171,-0.7559292486649813,-0.14875806217739895,-1.203391028912037,1.2482595505476164,0.0567420016510477,0.3921907843768003,0.12150916031617447,-0.3731673466033369,-0.785516370118442,0.01464790836646413,1.3197759988135376,-1.3420668015974064,-0.6245313717558301,-0.6585989653048846,-0.9078748910292284,7,2020
-0.27910857301613906,-0.29887208136035753,1.2445184829126141,0.21153823135689062,0.3574891666781363,0.3939116278471191,0.8919607482116856,0.41703761132580297,-0.3774462759197207,0.7487078431732886,-0.33472030163040495,0.8733034296049785,0.8569278248208316,2.092891732531698,-1.1838705980113577,0.3890672970976876,-1.6019722112094104,0.2023522535939107,-0.2966179917618734,-1.3467463420535992,0.3172905612532519,0.546543851531673,-1.151116218367,-0.8849049795500578,-0.14526544572398623,-0.7233959906452121,-0.09324205871919358,-1.0300340512766601,-0.5576935008735194,-0.6187979060200965,-0.6962571133233649,1.8445291270886874,-0.5570481408926701,1.4328786278899943,1.6243331190791686,1.3359658127490868,0.17317626292710772,-0.8376072775232607,-0.9237765565123449,-0.39358295345693534,-0.3965087908154993,-0.30364951070236273,1.587607524850435,0.33481312664508844,-0.28645395785066385,-0.9811831012209671,-0.27567084755030674,0.0642679594089595,-0.134954435880947,0.01464790836646413,1.3197759988135376,-1.3420668015974064,-0.6245313717558301,-0.6585989653048846,-0.9078748910292284,9,2020
2.1702957486169896,-0.37489252613323487,-1.209403784513275,-2.13369310054178,-2.12260145938748,-2.2312031649898874,-1.59997837829823,-1.9258655738651365,0.40945761866936287,-0.40516220078371623,1.3364417345384174,0.7623283579057379,1.1749011949486683,0.03048861121550433,0.9859478352846636,-3.377740609313724,-1.5465106935355089,-1.3264894209010865,-1.217858809564492,-0.655147470233936,-0.6957980562966891,-2.1582691156672267,-1.5902199175299594,-1.4016942116324973,-1.3257503158854806,-1.6995470179337828,-1.1226760986183308,0.7265889117576341,2.5196698913790105,1.0654862022038838,-0.43732172476014264,-0.0003701644408278022,3.151711949683937,0.4271767206860956,0.6997712335938818,-1.91378446885951,-1.7697424067918563,-1.2602576987239091,1.7105209166725226,2.4035793542905735,-2.235704476593592,-0.296886142904201,-1.8840661198957904,1.089951010749048,-1.842981868928942,-1.7919387961919016,-2.4313122159146108,-2.8037590894738127,-2.3043900901429875,0.01464790836646413,1.3197759988135376,-1.3420668015974064,-0.6245313717558301,-0.6585989653048846,-0.9078748910292284,10,2020
-0.638972321603941,1.1203843175105932,0.4310945396707783,-0.5189356817193244,0.35330681037281086,0.636309566515586,0.09813548255453963,0.4162570236587178,-0.5882413302899115,1.2104046698585469,0.5557368795544754,0.9584437875471612,0.35179559377307423,0.3134448719798331,-0.9498591262396313,0.6800167113459292,0.3416468625715004,0.2882227111862191,-0.8136477412184421,-1.172905249843037,0.08424173573495335,0.17685866701380867,-0.37404310096668275,-0.7585220210298199,-0.6145318954984054,-0.599046485506249,-1.2661882043790522,-1.4959296201890384,-0.9964876056632506,-0.8399528377672069,1.742965060061014,0.17209313230800502,-0.6821231719764266,0.5629380964893831,0.3805981541092931,1.574427279281107,-0.22570828476351615,-0.693607742796773,-1.0808332619977876,-0.773272125271366,0.07947962676164456,-1.1970505917756062,1.2084044814073416,0.48207851277427505,0.7370377150705293,0.3146161552285382,0.888156737478501,0.280301439709908,-0.491972813779359,0.01464790836646413,1.3197759988135376,-1.3420668015974064,-0.6245313717558301,-0.6585989653048846,-0.9078748910292284,11,2020
-0.06282018555482094,0.5205571496052903,0.3278153349395073,-0.23275565132546983,-0.5408706694289099,0.159761198497176,0.39361725954709315,-0.6460906124940821,-0.5473422003253943,0.653261698188662,0.8497311266044003,1.3321337203506358,0.9624889770812931,1.185077655604591,-1.4885434770578128,0.4698480315668057,1.2134469358908284,-0.24194876553657263,-0.5507330190634997,-0.30775043118296824,-0.03186135650274438,-0.6051064741290537,0.7650262345117775,-0.06600831050268473,0.19539836530175642,-0.61495118580457,-0.4446960126688732,-0.9277207005043081,-0.8144093783860541,-0.6383057625176717,1.1521248833812727,-0.08098869319680334,-0.30424536749297054,0.7758067105158308,1.2059975685980595,0.9479275180995396,0.3486728122469157,1.2006777877265629,-1.08261117643993,0.007927612126587963,1.9890637629915657,0.20699655752920867,1.3267641838810105,0.41859545365474926,-0.8119365945057024,-1.230102158986365,-0.341220426576464,-0.33419035123842955,-0.4019512553822863,0.01464790836646413,1.3197759988135376,-1.3420668015974064,-0.6245313717558301,-0.6585989653048846,-0.9078748910292284,12,2020
-0.5257351667649077,1.3408879948667778,-0.28073709385082024,-0.3617704322381314,-0.5668207313217449,-0.06504672492344486,0.37348634381375884,-0.5148223160943782,0.9510783246978182,0.8296291451120407,0.43504169030849016,0.6672635591108784,0.2942312992888719,0.051686143139655596,0.31463464203181857,0.45559451987348637,-0.0051090414430067675,-0.6352920421826403,-0.44733433689217,-0.8484479062258861,0.12082051630678398,0.32677416275982424,0.10152955709586403,-0.5938260325513132,0.030146403524177617,-0.6095678568755925,-0.7296028915997402,0.5480248120744144,-0.3399540497249714,-0.4884445757098818,-0.14769564354013348,-0.7186235099495659,-0.4986971686121066,0.24712051895714157,0.6862496947588979,-0.04774915046361312,-0.35431070707603096,-0.0359382934124077,0.5822492397887261,-0.11049406592397791,0.2492125040894707,-0.8863806721941793,0.09809489713457213,0.6232159175280264,0.8163964718391534,0.8285250807505538,1.2624134964607192,0.21328562678160273,-0.5664954217764254,0.01464790836646413,1.3197759988135376,-1.3420668015974064,-0.6245313717558301,-0.6585989653048846,-0.9078748910292284,13,2020
-0.597881345461689,-0.016948223680569127,1.025174614884971,-0.28547796472993875,0.15471938208581248,0.2663234559082068,0.27202302128691336,0.07931537761151167,-0.3677991723221355,1.49443366489785,0.50713499714927,0.8655840888980796,0.747998223182974,0.6044812820575259,-0.5162689169281673,0.7781011321637511,0.2512734001419409,0.09136644055645236,-0.9788115950996303,0.6141381808479865,0.01402858556571374,-0.23957544615417212,-0.48924647718802095,-0.5778319819554542,-0.5733125659340824,-0.32401876670430074,-0.9332193886196617,-0.5362597765589618,-0.7324303840762083,-0.5899745148941951,0.92200141574838,-0.9320469651369243,-0.8812314354202303,0.284207537754317,0.7070504517949266,0.7740795292866839,-0.14784002591579548,-0.4714041391199185,-0.2632156115578232,-0.24797901191880212,1.159487266318899,-1.0265447533974583,0.2344578824789813,0.9006282350234142,0.931933907737063,0.30639493607881063,0.40334228136144984,0.9548530741916781,-0.24250027085116,0.01464790836646413,1.3197759988135376,-1.3420668015974064,-0.6245313717558301,-0.6585989653048846,-0.9078748910292284,14,2020
-0.13314923612713944,0.3223558883097604,-0.21307211480082983,-0.6545291172968021,-0.38206636435439956,-0.03541573687884119,0.5875821901860914,-0.33958672386077643,-1.1079747078052147,0.7872500756173619,0.4612309965615141,0.5936176334241071,0.5382120737947321,0.9868407158142578,0.39285676408266884,0.31355488663576253,-0.6151152987327136,-0.4451443625887476,-0.6059677866034558,-0.7686986652696101,0.7733015165760777,-0.7260053274956315,0.18510416363886778,-0.7285688290961274,-0.01774772114879739,-0.4706022041843645,-0.3307376141521428,0.019639751387070564,-0.4655878477015053,-0.4360424533608135,0.3672322842703737,-1.306743114460241,-0.47803668664216126,0.5308183702317875,0.38659885526361293,-0.011415163149942315,-0.48505484837633756,-0.5244053513913322,0.5582633000216932,0.11965989809254703,-0.6258403491426129,-1.4747358438478324,-0.4419989036097164,0.9878304201191594,1.7329060362144622,1.1061548070560345,0.6627926101521212,0.529038767062925,-0.7275734207574044,0.01464790836646413,1.3197759988135376,-1.3420668015974064,-0.6245313717558301,-0.6585989653048846,-0.9078748910292284,15,2020
2.83051724213307,-2.4522233664387176,-1.520945453548563,-1.5508345382501738,-2.2882149141313026,-2.531779420422989,1.8574583713098787,-2.021628528725254,-0.9271529191372061,-1.0213834270123752,1.6028374370276426,1.2067482741159883,2.056209926542996,0.4108124848925458,2.0452914793163552,-1.3726260154047185,0.01387105708684452,-1.6288591348646706,-1.2949614608081816,-0.8162290911208895,0.2015300000461498,-1.300145792358773,-1.3256777639358976,-1.271435130020039,-1.4761845705100978,-1.3677883295398017,-1.0121989245944254,1.8585728700595643,2.2908055969050563,2.8363656752002937,-0.746762693999174,-1.9152016025003151,2.3511632898681976,0.20294896239943738,1.520525379100729,-2.1697860030945466,-1.1143730240375442,-0.6472378634297804,2.486157685360864,2.333991243077067,-1.4461596502620342,-0.4299344657373263,-1.7010123764398262,1.7724548666965265,-1.2635742079014438,-1.7329002498785244,-2.1119543704589145,-2.331220019057574,-1.7927707909223034,0.01464790836646413,1.3197759988135376,-1.3420668015974064,-0.6245313717558301,-0.6585989653048846,-0.9078748910292284,16,2020
0.5223204574445192,0.7278622422558033,-0.9371158175077265,-0.20923723439178799,-0.3968756858547738,-0.427132419720066,-0.44164176087273843,-0.027578767521296742,0.30334529103717084,-0.23364273987034131,0.2000011073105472,0.5884590829667629,0.6640761865528305,0.7263376106258987,-0.7836020439019139,-0.5313445803744454,1.0869260081927892,-1.0965056534028361,-1.0451030152220753,-0.1270859883989957,0.5915419106101646,0.9943292940433721,0.5717163299230054,-0.5869260751905515,-0.041560007813850414,-0.8695053447909614,0.8831569511414135,0.09793258215530916,0.5286619035482987,0.29022561433630495,-0.6407833001044864,1.0226869859763719,0.5945527460883915,0.5309869198191116,1.4070150403992956,-0.4623636137835345,1.686125863622633,1.5568269984907832,0.09931190929502363,0.6195441227693668,-0.564621452295469,1.4497982614877283,0.26546081109668507,0.11323846365411906,-0.9593433360431738,-1.0025059252162378,-1.3118950468865178,-0.5967472487545907,0.1180701586595033,0.01464790836646413,1.3197759988135376,-1.3420668015974064,-0.6245313717558301,-0.6585989653048846,-0.9078748910292284,23,2020
-1.039523181107003,-0.21483618754665243,2.2599062204475553,1.3221871922640582,1.7914113826087084,1.4913089753443176,-0.4655670480981271,1.9561201288870205,1.7217663549355327,1.3582304560779306,-1.3324217851987332,-0.010636704150699844,-0.6903270461552585,-0.4406042395344711,-2.3222624797764033,0.024175321919779585,-0.2502458170807142,0.30921951231838957,-0.6915882924814798,-2.632023376800179,0.7391811305768277,1.093530243123795,-1.1136192218090988,-0.8117915354251622,0.47780458402507225,0.04145880728386433,1.896789103420128,-1.9441972035552102,-0.945590717845519,-1.7879286845836428,-0.9205678182692525,0.3500173130225608,-0.7699113741369511,1.1100181034596688,0.05031289348475638,1.7461530132237297,1.4799131133996235,-0.7703619643645906,-1.6577955685552557,-1.6685018234918934,0.05366358021381573,0.8105950836043699,2.2868078024461997,-0.5131161222753756,-0.8856486675151118,-1.5892713122297324,-0.4155988582644374,0.9013220376357625,0.445770441273643,0.01464790836646413,1.3197759988135376,-1.3420668015974064,-0.6245313717558301,-0.6585989653048846,-0.9078748910292284,17,2020
-0.927885010234168,-0.9874214689434739,1.4833407022550043,2.1762676368230345,1.4170115310627414,1.3664590870008784,-0.1409757294955726,1.3913437681379182,0.38325341716456945,-0.21614653838724232,-1.5038369536836258,-0.394141255322551,-1.0711481652957222,-0.86818719724373,-1.921783704211874,0.8013186848774739,-0.6049359956331137,-0.15983341141651847,-1.0548687040174536,-1.1449442861134556,0.3864714406443976,1.1473564439200208,0.0007565648953257207,0.36419179714768035,-0.24167615417628607,-0.15363126768802463,2.753138952599014,-1.7390960266093003,-0.822682755692522,1.197729563697669,-1.610464990760745,0.5895264264905123,0.3292148475011432,0.433577228648591,0.2877014718546963,0.8643289482873955,2.027905617971173,0.627389698023817,-0.9064603917613767,-0.1884280130005025,-0.18058594508908848,1.6594649475180387,1.3601377065373026,-0.4030516806644829,-0.2562377211754251,-0.7383599273571134,-0.1777633585654192,1.2229473668386728,1.5819193330655108,0.01464790836646413,1.3197759988135376,-1.3420668015974064,-0.6245313717558301,-0.6585989653048846,-0.9078748910292284,24,2020
-0.7098606875198309,-0.22479336204094194,1.5986240411872719,0.41655978956912804,-0.055765397339374724,-0.08344665756704676,-0.4834185539500611,-0.18696100603833885,-0.25956383083120277,0.9844131757268727,0.17240293405285087,0.6375561827590621,0.4552361499604062,1.0936659274923248,-0.18204715724274037,0.3569185261645084,-0.749547587737788,0.025696654953502422,-0.2627560959281491,-0.5593637774300575,0.04235301876330368,0.40896863393983474,0.10340641382423997,-0.7683558361419821,-0.8184569493894486,-0.5829532794446849,-0.6339198648241177,-0.6313795733552635,2.1413630631457963,1.4982432529419023,-0.7988935059372808,-0.2792345587537099,1.0540272056282636,0.4634316582108559,0.6952757170032197,0.10346911082824228,-0.4296117365409853,-0.04440621761994343,0.42302742236485297,-0.4020282811736143,-1.5146980611574505,-0.8800783565038958,0.6357085794468396,0.6667441929570762,-0.19111971248310736,0.21958055664998377,0.07066999253999601,-0.12913017437496602,-0.005643079057330108,0.01464790836646413,1.3197759988135376,-1.3420668015974064,-0.6245313717558301,-0.6585989653048846,-0.9078748910292284,25,2020
1.207528350980275,0.4560576122132202,-0.8016549675669067,-1.8959347496219885,-1.6198485310477708,-1.3928495554680227,-0.05154351711933381,-1.7225951602825165,0.26113568711206286,0.32967319055572347,2.4207159964976674,1.8574819482962774,2.5129101006884937,2.247249440666727,-0.3805667218994114,-0.4621565638300825,-1.512684293081478,-0.21786468650797455,-1.3270916780986195,-0.42297607314384583,-0.10745866215338061,-1.8311837486643634,-1.4697243533474484,-1.3812231128156627,-2.497637962542001,-1.2943245159972467,-1.2377377585652602,0.08435094875298524,1.6960772690477277,0.04439186859098066,-0.5772311370426574,0.19792768728239732,1.3762335239593606,1.0255253821716297,1.4226517611349871,0.1348296291544483,-1.150745233643135,-1.1978720938838487,0.3033964919120311,0.9833068114310898,-0.7314815998436527,-0.5523832460785186,-0.09000857668464686,1.3025424497130282,-1.6234704330625553,-1.1799586034629803,-0.8468778828336186,-1.1200650228310092,-1.5520816889665752,0.01464790836646413,1.3197759988135376,-1.3420668015974064,-0.6245313717558301,-0.6585989653048846,-0.9078748910292284,19,2020
-0.6791502899491864,-0.08771553770375952,0.6817915354395175,-0.2854131397070569,0.2545336532088946,0.28490345311416315,0.22858168856676453,0.31702539906573307,-0.6272917765718047,0.7046948721163856,0.14775751015130628,0.6022509848589694,0.3198878384038058,-0.006261520786176848,-0.3734827306606068,0.6043839037296758,-1.157721894943024,-0.2718258650536183,-0.2907339692747022,-0.4957544359935387,0.6424925696975495,-0.2888810698074544,-0.44551656373230186,-0.2809698869095045,0.5895450093722379,-0.34076997600185377,-0.35724584190034964,-0.7588120335278954,-0.8137320548167297,-0.8729884832651892,-0.2256313601627603,-0.7994258817738413,-0.5552707855567974,0.710241241928396,0.15929215522007387,0.5462228668798288,-0.14754703179727402,-0.17134162269687303,-0.06506335042980008,-0.0039291267366133985,-0.24331393453617026,-1.3746916865490086,0.5015758230125069,0.5201255415299691,0.7220698958000895,0.6553622231055164,0.9668257830384885,0.5198415139911655,-0.011258584606518341,0.01464790836646413,1.3197759988135376,-1.3420668015974064,-0.6245313717558301,-0.6585989653048846,-0.9078748910292284,20,2020
-0.3361628805627857,0.12058996790692793,-0.28701504174382514,0.4483714938106668,-0.08501836531824729,-0.11979476058359073,0.3349711993036222,-0.09841237754936699,1.1049539811117428,-0.5752252109735693,-0.184192750052445,-0.015016144143633368,-0.19573757782789988,-0.6997581563485048,0.7941131292312908,0.6922471075640164,1.6215739799157625,-1.135126542629936,-0.09718675695423529,0.5154450064471952,1.6381345791083308,0.20070204180377127,1.236957420832951,0.09863026918329186,0.938296886912921,-0.1734818091229355,0.7569526722415997,0.43403375500570496,-0.22380544248100173,-0.1471558817581625,-1.0423098835190299,-0.8921183226579193,-0.3380109844272315,1.0031596477420515,0.1942194953374245,-0.8231301808091828,0.823610465365614,1.1632563803752982,1.007763041176952,0.9115564207664807,1.2506234416664992,0.481065461822293,-0.42456252629078567,0.4729225138110645,1.137154422078378,1.1470222077634213,0.45327024033171026,-0.0793903544298992,0.5170804171859522,0.01464790836646413,1.3197759988135376,-1.3420668015974064,-0.6245313717558301,-0.6585989653048846,-0.9078748910292284,21,2020
-0.1649024950535772,0.3866372560125296,0.15221113223826757,-0.17465488687442593,-0.2393753513115476,-0.5425746719886281,0.5246459868641535,-0.22904325173939707,-0.0983626041328544,0.823287714204867,0.5721407919745555,0.5308023167096304,0.4979318949887423,0.8290881019799957,0.07490249514924983,0.11894235506866994,0.3188473350726802,-0.5570368778960616,-0.519929202882249,0.572849406092414,0.8659670457565969,-0.6943548272594319,1.0314999536574334,-0.6749091403344969,-0.038334922461163594,-0.39293350781622255,-0.18960701740575453,0.45168181246586436,-0.2350411420155823,-0.2885232537428202,0.3830759353241857,0.005243320049633885,-0.054221475952647244,0.5111763504749633,0.21353842527759975,-0.47593410495673777,0.26435492039792535,-0.10542483150156194,0.9454598798458406,0.11003775710295877,-0.1469082066090285,-0.6869293437696715,-0.3616892530480774,0.8994985251495516,0.8795490621083825,0.378127419611315,0.3601147498305352,-0.38642170414150434,-0.8144927530364949,0.01464790836646413,1.3197759988135376,-1.3420668015974064,-0.6245313717558301,-0.6585989653048846,-0.9078748910292284,26,2020
-0.5294651563224578,0.4955674389914408,0.10823870884212773,-0.6881518765142143,0.07499069377680516,0.24294424805346956,0.2565143387487705,0.026572239872800912,-0.35337974661553,1.6542275841035117,0.2803234423857699,0.9118167101325236,0.4509110021124223,0.4749348335629218,-0.5909382873229286,0.30477554375442795,-0.9110950841624342,-0.28056053134963127,0.20849969953541478,-0.6896327298202699,0.10384813688398915,0.1581342537189875,0.17187795285939622,-0.6711771863749552,0.3170123785691379,-0.7719845760409544,-0.28349965919423575,-0.9975857244712434,-0.5732638015296659,-0.6736622699491097,-0.2256008608028052,0.3396293012549957,-0.5614367276285973,1.0503663484175783,0.14329032526973545,0.8780248397693241,-0.049119602101991226,-0.9878840838281527,-0.399001191665922,-0.6139050042557984,-0.05060441524133973,-1.3072414125234166,0.4288935275285263,0.45255032175514026,0.8601791556201245,0.9296650010871571,1.0983295510510045,0.6189805440756094,0.2807768717541248,-1.2096730992638334,-0.2762776729639324,0.34714115181328414,-0.7565566565622438,1.3972629028625199,1.3786248345258638,0,2023
1.0657551816599888,-2.3683788494230664,-1.1329177894340767,0.3583017729865447,-0.6010810780027851,-1.0575896385787504,2.1540506048097905,-0.538351244280783,-0.6260455707479307,-1.500789192816703,-0.8514637796566528,-0.48735392537207484,-0.9126608135589033,-0.747641362991752,0.4512009646215894,-1.131478887284847,1.1705767553085042,-1.405802848876764,-0.36082499304930055,0.24222668665233982,2.519252959084804,0.8754634368871572,1.16923965786176,-0.14409003420501532,1.3693647843998082,-0.09957686427618924,1.3629666583684235,-0.13943210579474158,0.464395872911864,1.1663820716850781,-1.6944420305155001,-1.8332078431931986,0.2919989452835555,0.5668313843652645,-0.02548539456472393,-1.6743453396442598,1.4863514852858655,2.1949060396710984,1.036666533942508,1.0116258684675514,-0.6685384711711585,0.9009417066379829,-1.4419118880243518,0.15343302628755254,0.03900603138390233,-0.40166229157145744,-0.9382147400310289,-0.7421130114819199,0.7605486748526008,-1.2096730992638334,-0.2762776729639324,0.34714115181328414,-0.7565566565622438,1.3972629028625199,1.3786248345258638,1,2023
-0.560166986906357,-0.38438756512493344,0.9771408119605893,0.8631595746771322,0.006116653180588404,0.2888992051024115,0.6347026551929323,0.014105064735141235,1.2169782034894314,0.25514355077972645,-0.500338399858092,0.20494770598209588,-0.31622433707525954,-1.1138307253425264,0.08769670513571354,0.48603531744908923,1.0256575834024164,-0.40665375309590707,-0.14449510055592324,1.0855776810224524,0.7428404404921793,-0.8408145574625099,1.8758175148221785,-0.27792524105184085,0.6141709672883687,-0.3325589727967083,0.25323126801752677,-1.1198411435735285,-0.6383462427801048,-0.3940868441372969,-0.504911214450705,-0.3360095444407801,0.09456403001168841,0.6849385747629766,-0.03404839677364292,0.016598239746118074,1.0278841619318622,0.3428242552356664,0.1178770060367905,0.8107095084819913,-0.1372414878900145,-0.10210789265635585,-0.008993659971727654,0.6198515507452219,1.5919118012004871,0.4441323120626599,0.2977034014634177,0.5948475907878773,-0.09013301914199047,-1.2096730992638334,-0.2762776729639324,0.34714115181328414,-0.7565566565622438,1.3972629028625199,1.3786248345258638,2,2023
-0.33336239302536846,0.8547454647247974,-0.6578191843222184,0.4223054527206299,0.194385480417558,0.18937230121934356,0.2845272597607186,0.760741082349062,0.24293793119801835,-0.36555246399198915,-0.22237109698793334,0.3042054790224821,-0.20729640308448277,-0.3522430446037192,-0.7125563335474109,0.8331972100069045,1.1576661472988201,-1.0070882161981127,-0.1390553230211482,-0.7638300033896643,0.6697656530628576,1.7706278072602957,0.1289790005174811,-0.43820074631659045,-0.07736181645504032,-0.8926459906588602,0.11575643061875085,-0.19136143115427118,0.6523877579573293,0.5557303162578522,-0.6668113443141169,-0.19627895739799636,0.5532515636557932,1.3441798276946304,0.6511736835554223,0.1371927203509741,0.7689236756726158,1.3760422306190245,0.04175954647640139,0.1719257907964356,0.48848928191760377,0.6610196637818982,0.05453891723121141,0.30730242841591243,0.25096880689695455,0.6867912480296351,0.783207852151343,0.5684062465104304,0.41076158600580137,-1.2096730992638334,-0.2762776729639324,0.34714115181328414,-0.7565566565622438,1.3972629028625199,1.3786248345258638,3,2023
-0.4012573163404373,-0.11139099254679903,0.21646314364744523,0.07037632349369102,-0.02891269765194106,-0.6256720235534132,0.47802308887891193,-0.2242387579972092,-0.02717672037633844,-0.07065229256300322,0.2545729291188409,0.23516869341056365,-0.1851350459461487,-0.40225750573838337,0.3271590174065143,0.46866812956246884,1.4031057456082539,-0.7245933860212014,-0.18692823072496204,0.9985397181356725,1.64166153395023,-0.09131739895568165,1.08409945568306,-0.18786974348160645,0.8696731213394181,-0.32928724126334397,0.3790899982527713,-0.34259364998497077,0.04496395775723515,0.09505474348530991,-0.06639743318486777,-0.5808577331771052,0.3240193783605572,0.28537515641289796,0.6156460446766324,-0.7862277074250212,0.5121672357319812,0.586321626904195,1.0058875255934545,0.6717480944102999,0.7391202630829543,-0.21507980539918164,-0.5198727774679758,0.6760484604747964,0.8763633134870055,0.9269552764636267,0.652394847483316,-0.3219191480713973,0.1996786214455738,-1.2096730992638334,-0.2762776729639324,0.34714115181328414,-0.7565566565622438,1.3972629028625199,1.3786248345258638,22,2023
-0.3565406899557813,0.1326143168407473,0.4707010881544466,-0.1639519141714821,-0.2413347508780201,-0.5402371900019629,0.17463523787191834,-0.7174243518958525,-0.8246321459597514,0.6094065096307473,0.41640819792501704,0.7318867716784367,0.5261600218058166,0.1458915904113405,0.7141548197213797,0.6230372031320118,-0.043423535173509095,-0.5278922685755374,-0.21601563121926118,-0.15937802990683694,1.2134798136472942,0.30190614476324784,1.660241903945998,-0.3260006088225924,0.5168839247192085,-0.348023815753091,-0.6358957540359861,0.31037629929398136,0.2637585129116586,0.08069754473036278,-0.5572088262410233,0.06574677971601176,0.22777146404349854,0.5798169297128333,0.16234749640141216,-0.3624444182100053,-0.2699637030564507,0.5931703282823643,0.8425650550240645,-0.3639228900586554,-0.32864194131671903,-0.2297870779847145,0.043883715261396415,0.7544940129802066,0.8032945094511331,1.294957798655479,0.22377828675002917,0.10958431281826127,-0.5352866749485304,-1.2096730992638334,-0.2762776729639324,0.34714115181328414,-0.7565566565622438,1.3972629028625199,1.3786248345258638,6,2023
0.652063356022397,0.265942093471195,-1.3349438156447229,-0.8681981119849671,-1.2023673096738774,-1.124296046665274,0.27523699740276186,-1.1656149086238807,1.1219667434621532,0.032804643180704196,1.4043213074591014,1.0217427217677262,1.0604723200910942,0.5061083105986631,0.19272423458864735,0.44355589970531817,-0.8800873405948212,-1.1550988847733785,-0.5913348995972174,0.5463907373417695,0.156315668487817,-0.8878713023124442,0.40143601599037,-0.8620917466854167,-0.3980090383351347,-1.1120015768381202,-0.28350358252835445,0.5238812095704307,1.3327003642045263,1.7858182351861538,-0.026282953488920183,-0.6476865209064065,1.4864606961729105,0.5243256518595854,1.1347145188875536,-1.0163906854630562,-0.29661281400265105,0.15561990951050592,1.4678587593260708,1.8249286332937185,-0.7559292486649813,-0.14875806217739507,-1.203391028912037,1.2482595505476135,0.0567420016510477,0.3921907843768003,0.12150916031617447,-0.3731673466033369,-0.785516370118442,-1.2096730992638334,-0.2762776729639324,0.34714115181328414,-0.7565566565622438,1.3972629028625199,1.3786248345258638,7,2023
-0.27910857301613906,-0.29887208136035753,1.2445184829126166,0.21153823135689165,0.35748916667813474,0.39391162784711686,0.8919607482116878,0.4170376113258053,-0.37744627591972546,0.7487078431732886,-0.33472030163040495,0.8733034296049785,0.8569278248208316,2.092891732531698,-1.1838705980113577,0.3890672970976876,-1.6019722112094104,0.2023522535939107,-0.2966179917618734,-1.346746342053598,0.3172905612532519,0.546543851531673,-1.1511162183669996,-0.8849049795500573,-0.145265445723985,-0.7233959906452121,-0.09324205871919358,-1.0300340512766601,-0.5576935008735192,-0.6187979060200965,-0.6962571133233649,1.8445291270886874,-0.5570481408926701,1.4328786278899943,1.6243331190791686,1.3359658127490868,0.17317626292710772,-0.8376072775232607,-0.9237765565123449,-0.39358295345693534,-0.3965087908154993,-0.30364951070236273,1.587607524850435,0.33481312664508844,-0.28645395785066385,-0.9811831012209683,-0.27567084755031,0.0642679594089595,-0.134954435880947,-1.2096730992638334,-0.2762776729639324,0.34714115181328414,-0.7565566565622438,1.3972629028625199,1.3786248345258638,9,2023
2.1702957486169914,-0.374892526133225,-1.209403784513275,-2.13369310054178,-2.12260145938748,-2.2312031649898874,-1.59997837829823,-1.9258655738651365,0.40945761866936764,-0.40516220078371623,1.3364417345384174,0.7623283579057379,1.1749011949486683,0.03048861121550367,0.9859478352846636,-3.377740609313724,-1.5465106935355089,-1.3264894209010865,-1.2178588095644922,-0.655147470233936,-0.6957980562966896,-2.1582691156672267,-1.5902199175299594,-1.4016942116324973,-1.3257503158854806,-1.6995470179337828,-1.1226760986183308,0.7265889117576341,2.5196698913790105,1.0654862022038838,-0.43732172476014264,-0.0003701644408278022,3.151711949683937,0.4271767206860953,0.6997712335938813,-1.9137844688595107,-1.7697424067918563,-1.2602576987239094,1.7105209166725226,2.4035793542905735,-2.235704476593593,-0.296886142904202,-1.8840661198957913,1.089951010749048,-1.8429818689289408,-1.7919387961919016,-2.4313122159146108,-2.8037590894738127,-2.3043900901429875,-1.2096730992638334,-0.2762776729639324,0.34714115181328414,-0.7565566565622438,1.3972629028625199,1.3786248345258638,10,2023
-0.638972321603941,1.1203843175105832,0.4310945396707783,-0.5189356817193244,0.35330681037281086,0.6363095665155838,0.09813548255453741,0.41625702365871664,-0.5882413302899163,1.2104046698585469,0.5557368795544761,0.9584437875471606,0.35179559377307423,0.3134448719798318,-0.9498591262396322,0.6800167113459172,0.3416468625715004,0.2882227111862191,-0.8136477412184421,-1.172905249843037,0.08424173573495243,0.17685866701380767,-0.37404310096668364,-0.7585220210298202,-0.6145318954984054,-0.599046485506249,-1.2661882043790522,-1.4959296201890384,-0.9964876056632506,-0.8399528377672071,1.7429650600610125,0.17209313230800316,-0.6821231719764266,0.5629380964893831,0.38059815410929254,1.574427279281107,-0.22570828476351704,-0.693607742796773,-1.0808332619977876,-0.773272125271366,0.07947962676164456,-1.1970505917756062,1.2084044814073416,0.48207851277427205,0.7370377150705293,0.31461615522853936,0.8881567374784993,0.28030143970990906,-0.491972813779359,-1.2096730992638334,-0.2762776729639324,0.34714115181328414,-0.7565566565622438,1.3972629028625199,1.3786248345258638,11,2023
-0.06282018555482094,0.5205571496052854,0.3278153349395073,-0.23275565132547085,-0.5408706694289099,0.159761198497176,0.39361725954709315,-0.6460906124940821,-0.5473422003253943,0.653261698188662,0.849731126604402,1.3321337203506363,0.9624889770812931,1.185077655604591,-1.4885434770578128,0.4698480315668057,1.213446935890827,-0.24194876553657305,-0.5507330190634997,-0.30775043118296824,-0.03186135650274484,-0.6051064741290537,0.7650262345117775,-0.06600831050268473,0.19539836530175642,-0.6149511858045708,-0.4446960126688732,-0.9277207005043081,-0.8144093783860541,-0.6383057625176717,1.1521248833812727,-0.0809886931968061,-0.30424536749297054,0.7758067105158303,1.2059975685980602,0.947927518099538,0.3486728122469148,1.200677787726562,-1.0826111764399295,0.007927612126587963,1.9890637629915642,0.20699655752921065,1.3267641838810105,0.41859545365474926,-0.8119365945057013,-1.230102158986366,-0.341220426576464,-0.33419035123842955,-0.4019512553822863,-1.2096730992638334,-0.2762776729639324,0.34714115181328414,-0.7565566565622438,1.3972629028625199,1.3786248345258638,12,2023
-0.5257351667649086,1.3408879948667778,-0.28073709385082024,-0.3617704322381314,-0.5668207313217449,-0.06504672492344486,0.37348634381375884,-0.5148223160943782,0.9510783246978134,0.8296291451120407,0.43504169030849016,0.6672635591108784,0.2942312992888719,0.051686143139656256,0.31463464203181857,0.45559451987348637,-0.00510904144300617,-0.6352920421826399,-0.4473343368921711,-0.8484479062258861,0.12082051630678445,0.32677416275982424,0.10152955709586403,-0.5938260325513132,0.030146403524177617,-0.6095678568755925,-0.7296028915997402,0.5480248120744136,-0.3399540497249714,-0.4884445757098818,-0.14769564354013348,-0.7186235099495678,-0.4986971686121066,0.24712051895714157,0.6862496947588979,-0.04774915046361312,-0.35431070707603185,-0.0359382934124077,0.5822492397887257,-0.11049406592397791,0.2492125040894707,-0.8863806721941793,0.09809489713457213,0.6232159175280264,0.8163964718391534,0.8285250807505561,1.2624134964607192,0.21328562678160273,-0.5664954217764254,-1.2096730992638334,-0.2762776729639324,0.34714115181328414,-0.7565566565622438,1.3972629028625199,1.3786248345258638,13,2023
-0.5978813454616898,-0.016948223680574068,1.0251746148849703,-0.28547796472993875,0.15471938208581248,0.2663234559082068,0.27202302128691336,0.0793153776115105,-0.36779917232214027,1.4944336648978556,0.50713499714927,0.8655840888980796,0.7479982231829732,0.6044812820575253,-0.5162689169281682,0.7781011321637331,0.2512734001419409,0.09136644055645236,-0.9788115950996303,0.6141381808479865,0.01402858556571374,-0.23957544615417212,-0.4892464771880214,-0.5778319819554542,-0.5733125659340824,-0.32401876670430074,-0.9332193886196617,-0.5362597765589618,-0.7324303840762083,-0.5899745148941956,0.92200141574838,-0.9320469651369243,-0.8812314354202303,0.28420753775431645,0.7070504517949266,0.7740795292866839,-0.14784002591579548,-0.4714041391199178,-0.2632156115578227,-0.24797901191880212,1.1594872663188975,-1.0265447533974583,0.2344578824789813,0.9006282350234113,0.931933907737063,0.30639493607881063,0.40334228136145145,0.9548530741916759,-0.24250027085116,-1.2096730992638334,-0.2762776729639324,0.34714115181328414,-0.7565566565622438,1.3972629028625199,1.3786248345258638,14,2023
-0.13314923612713944,0.3223558883097604,-0.21307211480082755,-0.6545291172968032,-0.3820663643543988,-0.03541573687884119,0.5875821901860914,-0.3395867238607776,-1.1079747078052147,0.7872500756173619,0.4612309965615141,0.5936176334241066,0.5382120737947321,0.9868407158142578,0.39285676408266884,0.31355488663575654,-0.6151152987327136,-0.44514436258874807,-0.6059677866034564,-0.7686986652696101,0.7733015165760777,-0.7260053274956315,0.18510416363886778,-0.7285688290961277,-0.01774772114879739,-0.4706022041843645,-0.3307376141521428,0.019639751387070564,-0.4655878477015053,-0.4360424533608135,0.3672322842703737,-1.306743114460242,-0.47803668664216126,0.5308183702317875,0.38659885526361243,-0.011415163149942315,-0.48505484837633756,-0.5244053513913328,0.5582633000216932,0.11965989809254703,-0.6258403491426129,-1.4747358438478324,-0.44199890360971733,0.9878304201191594,1.7329060362144622,1.1061548070560323,0.6627926101521212,0.529038767062925,-0.7275734207574044,-1.2096730992638334,-0.2762776729639324,0.34714115181328414,-0.7565566565622438,1.3972629028625199,1.3786248345258638,15,2023
2.83051724213307,-2.4522233664387176,-1.520945453548563,-1.5508345382501738,-2.2882149141313017,-2.5317794204229904,1.8574583713098853,-2.021628528725254,-0.9271529191372037,-1.0213834270123752,1.6028374370276444,1.2067482741159883,2.056209926542997,0.4108124848925471,2.0452914793163552,-1.3726260154047063,0.013871057086845717,-1.6288591348646706,-1.2949614608081816,-0.8162290911208895,0.2015300000461498,-1.300145792358773,-1.325677763935897,-1.2714351300200388,-1.4761845705100978,-1.3677883295398017,-1.0121989245944254,1.8585728700595654,2.290805596905058,2.8363656752002937,-0.746762693999174,-1.9152016025003151,2.3511632898681976,0.20294896239943738,1.52052537910073,-2.1697860030945466,-1.1143730240375442,-0.64723786342978,2.486157685360867,2.333991243077067,-1.4461596502620329,-0.42993446573732436,-1.701012376439825,1.7724548666965279,-1.2635742079014438,-1.7329002498785244,-2.1119543704589145,-2.331220019057574,-1.7927707909223034,-1.2096730992638334,-0.2762776729639324,0.34714115181328414,-0.7565566565622438,1.3972629028625199,1.3786248345258638,16,2023
0.5223204574445184,0.7278622422557983,-0.9371158175077265,-0.20923723439178799,-0.39687568585477456,-0.427132419720066,-0.44164176087274065,-0.027578767521299077,0.3033452910371685,-0.23364273987034412,0.2000011073105472,0.5884590829667629,0.6640761865528305,0.7263376106258987,-0.7836020439019139,-0.5313445803744454,1.086926008192788,-1.0965056534028361,-1.0451030152220753,-0.1270859883989972,0.5915419106101646,0.9943292940433711,0.5717163299230045,-0.5869260751905523,-0.041560007813850414,-0.8695053447909622,0.883156951141413,0.09793258215530817,0.5286619035482991,0.29022561433630495,-0.6407833001044864,1.0226869859763719,0.5945527460883911,0.5309869198191116,1.4070150403992947,-0.4623636137835353,1.6861258636226322,1.5568269984907817,0.0993119092950227,0.6195441227693668,-0.5646214522954736,1.4497982614877283,0.26546081109668507,0.11323846365411756,-0.9593433360431761,-1.002505925216239,-1.3118950468865178,-0.5967472487545907,0.1180701586595033,-1.2096730992638334,-0.2762776729639324,0.34714115181328414,-0.7565566565622438,1.3972629028625199,1.3786248345258638,23,2023
-1.039523181107003,-0.21483618754665243,2.2599062204475553,1.3221871922640582,1.79141138260871,1.4913089753443176,-0.465567048098126,1.9561201288870216,1.7217663549355327,1.3582304560779306,-1.3324217851987332,-0.010636704150699844,-0.6903270461552572,-0.4406042395344711,-2.3222624797764024,0.024175321919797665,-0.2502458170807142,0.30921951231838957,-0.6915882924814798,-2.632023376800179,0.7391811305768285,1.093530243123796,-1.1136192218090983,-0.8117915354251622,0.47780458402507225,0.04145880728386433,1.896789103420129,-1.94419720355521,-0.945590717845519,-1.7879286845836428,-0.9205678182692525,0.3500173130225608,-0.7699113741369511,1.1100181034596688,0.05031289348475638,1.7461530132237297,1.4799131133996235,-0.7703619643645903,-1.6577955685552557,-1.6685018234918934,0.05366358021381573,0.8105950836043699,2.2868078024461997,-0.5131161222753756,-0.8856486675151107,-1.5892713122297324,-0.4155988582644374,0.9013220376357625,0.445770441273643,-1.2096730992638334,-0.2762776729639324,0.34714115181328414,-0.7565566565622438,1.3972629028625199,1.3786248345258638,17,2023
-0.927885010234168,-0.9874214689434739,1.4833407022550043,2.1762676368230345,1.4170115310627414,1.3664590870008784,-0.14097572949557038,1.3913437681379182,0.38325341716456945,-0.21614653838723952,-1.5038369536836258,-0.394141255322551,-1.0711481652957222,-0.86818719724373,-1.921783704211874,0.8013186848774739,-0.6049359956331137,-0.1598334114165176,-1.0548687040174536,-1.1449442861134556,0.3864714406443976,1.1473564439200208,0.0007565648953257207,0.36419179714768035,-0.24167615417628424,-0.15363126768802463,2.7531389525990155,-1.7390960266093003,-0.822682755692522,1.197729563697668,-1.610464990760745,0.5895264264905123,0.32921484750114366,0.433577228648591,0.2877014718546958,0.8643289482873955,2.0279056179711756,0.6273896980238177,-0.9064603917613767,-0.18842801300050374,-0.1805859450890854,1.6594649475180387,1.3601377065373044,-0.4030516806644829,-0.256237721175424,-0.7383599273571134,-0.1777633585654192,1.2229473668386737,1.5819193330655108,-1.2096730992638334,-0.2762776729639324,0.34714115181328414,-0.7565566565622438,1.3972629028625199,1.3786248345258638,24,2023
-0.7098606875198317,-0.22479336204094194,1.5986240411872703,0.41655978956912804,-0.055765397339374724,-0.08344665756704676,-0.48341855395006333,-0.18696100603834,-0.25956383083120754,0.9844131757268699,0.17240293405285087,0.6375561827590616,0.4552361499604062,1.0936659274923235,-0.18204715724274037,0.3569185261645084,-0.749547587737788,0.025696654953501992,-0.2627560959281491,-0.5593637774300575,0.04235301876330368,0.40896863393983374,0.10340641382423953,-0.768355836141983,-0.8184569493894486,-0.5829532794446849,-0.6339198648241177,-0.6313795733552641,2.1413630631457954,1.4982432529419023,-0.7988935059372808,-0.2792345587537118,1.0540272056282631,0.4634316582108559,0.6952757170032197,0.10346911082824228,-0.4296117365409866,-0.04440621761994416,0.4230274223648525,-0.4020282811736143,-1.5146980611574505,-0.8800783565038958,0.6357085794468396,0.6667441929570732,-0.19111971248310736,0.2195805566499814,0.07066999253999437,-0.12913017437496602,-0.005643079057330108,-1.2096730992638334,-0.2762776729639324,0.34714115181328414,-0.7565566565622438,1.3972629028625199,1.3786248345258638,25,2023
1.2075283509802741,0.4560576122132202,-0.8016549675669067,-1.895934749621989,-1.6198485310477717,-1.3928495554680227,-0.05154351711933381,-1.722595160282516,0.26113568711206286,0.3296731905557207,2.4207159964976674,1.8574819482962774,2.5129101006884937,2.247249440666727,-0.3805667218994114,-0.4621565638300825,-1.512684293081478,-0.21786468650797455,-1.3270916780986193,-0.42297607314384583,-0.10745866215338061,-1.8311837486643634,-1.4697243533474489,-1.3812231128156627,-2.497637962542001,-1.2943245159972467,-1.2377377585652602,0.08435094875298425,1.6960772690477277,0.04439186859098008,-0.5772311370426574,0.19792768728239732,1.3762335239593606,1.0255253821716297,1.4226517611349867,0.1348296291544483,-1.1507452336431359,-1.1978720938838487,0.3033964919120311,0.9833068114310898,-0.7314815998436527,-0.5523832460785176,-0.09000857668464686,1.3025424497130282,-1.6234704330625553,-1.1799586034629803,-0.8468778828336186,-1.1200650228310092,-1.5520816889665752,-1.2096730992638334,-0.2762776729639324,0.34714115181328414,-0.7565566565622438,1.3972629028625199,1.3786248345258638,19,2023
-0.6791502899491871,-0.08771553770375952,0.6817915354395175,-0.2854131397070569,0.2545336532088931,0.28490345311416315,0.22858168856676453,0.31702539906573074,-0.6272917765718047,0.7046948721163828,0.14775751015130628,0.6022509848589689,0.3198878384038058,-0.006261520786177509,-0.3734827306606076,0.6043839037296758,-1.157721894943024,-0.2718258650536183,-0.2907339692747022,-0.49575443599354013,0.6424925696975495,-0.2888810698074549,-0.44551656373230186,-0.2809698869095045,0.5895450093722373,-0.34076997600185377,-0.35724584190034964,-0.758812033527896,-0.81373205481673,-0.8729884832651892,-0.2256313601627603,-0.7994258817738413,-0.5552707855567979,0.710241241928396,0.15929215522007334,0.5462228668798288,-0.14754703179727402,-0.17134162269687303,-0.06506335042980008,-0.003929126736614031,-0.24331393453617484,-1.3746916865490086,0.5015758230125069,0.5201255415299691,0.7220698958000884,0.6553622231055153,0.9668257830384885,0.5198415139911655,-0.011258584606518341,-1.2096730992638334,-0.2762776729639324,0.34714115181328414,-0.7565566565622438,1.3972629028625199,1.3786248345258638,20,2023
-0.3361628805627865,0.12058996790692299,-0.28701504174382514,0.4483714938106668,-0.08501836531824729,-0.11979476058359073,0.3349711993036222,-0.09841237754936583,1.1049539811117381,-0.5752252109735693,-0.18419275005244418,-0.015016144143633368,-0.19573757782789988,-0.6997581563485041,0.7941131292312908,0.6922471075640164,1.6215739799157625,-1.135126542629936,-0.09718675695423529,0.5154450064471952,1.6381345791083308,0.20070204180377127,1.236957420832952,0.09863026918329226,0.938296886912921,-0.1734818091229355,0.7569526722415997,0.43403375500570496,-0.22380544248100173,-0.1471558817581628,-1.0423098835190299,-0.8921183226579193,-0.3380109844272315,1.0031596477420515,0.19421949533742397,-0.823130180809182,0.823610465365614,1.1632563803752982,1.007763041176952,0.9115564207664807,1.2506234416665007,0.48106546182229104,-0.42456252629078567,0.4729225138110645,1.1371544220783758,1.1470222077634236,0.45327024033171026,-0.0793903544298981,0.5170804171859522,-1.2096730992638334,-0.2762776729639324,0.34714115181328414,-0.7565566565622438,1.3972629028625199,1.3786248345258638,21,2023
-0.16490249505357804,0.3866372560125296,0.15221113223826757,-0.17465488687442593,-0.23937535131154683,-0.542574671988627,0.5246459868641535,-0.22904325173939707,-0.0983626041328544,0.8232877142048657,0.5721407919745547,0.5308023167096304,0.4979318949887423,0.8290881019799957,0.07490249514925065,0.11894235506866994,0.3188473350726802,-0.5570368778960616,-0.519929202882249,0.572849406092414,0.8659670457565969,-0.6943548272594319,1.0314999536574334,-0.6749091403344969,-0.038334922461163594,-0.39293350781622255,-0.18960701740575453,0.4516818124658634,-0.2350411420155823,-0.2885232537428202,0.3830759353241857,0.005243320049633885,-0.054221475952647244,0.5111763504749633,0.21353842527759975,-0.47593410495673777,0.26435492039792535,-0.10542483150156268,0.9454598798458396,0.11003775710295877,-0.14690820660903003,-0.6869293437696715,-0.3616892530480774,0.8994985251495516,0.8795490621083825,0.378127419611315,0.3601147498305368,-0.38642170414150434,-0.8144927530364949,-1.2096730992638334,-0.2762776729639324,0.34714115181328414,-0.7565566565622438,1.3972629028625199,1.3786248345258638,26,2023
